"id","titulo","precio","dueno","tipoAviso","region","comuna","telefono","telefonoLink","fechaPublicacion","codigo","descripcion"
1,"Habitaciýn ","$ 170.000","Samantha Luna","Aviso profesional","Regiýn Metropolitana, Quinta Normal","Quinta Normal","+(56) 920250502
","https://www.yapo.cl/pg/0gmoiqInsF8jj2cJ/fCNQcqufTpD+NC0/rfi1bwERzg==.gif","13 Agosto 18:38","73768799","Arriendo habitaciýn a persona sola , responsable,joven y con documentaciýn legal en el paýs.El costo incluye los gastos comunes y lo serviciosbýsicos (luz,agua,gas e internet)*No se permiten visitas**No mascotas**No pareja"
2,"OFICINA Oficina con Estacionamiento a pasos…","$ 74.000.000","Corretajes Prosal Ltda","Aviso profesional","Regiýn Metropolitana, Providencia","Providencia","+(56) 226337160
","https://www.yapo.cl/pg/0W1LkUA5R8yJyLY8GXPjr0f4B0IL/15xA6upfpsoxpg==.gif","13 Agosto 18:32","67468963","- Oficina de un ambiente en 6ý Piso- Av. Eliodoro Yýýez 2970 Of.604. Providencia- Condominio Edificio Studio Office Tobalaba- Superficie ýtil : 25 m2 - 1 Privado- 1 Baýo- Estacionamiento Ný15- Rol de la Propiedad : 1951-313- Cercana a locomociýn, bancos, comercio engeneral y estaciýn metro.- Referencia de direcciýn : Av. Tobalaba conEliodoro Yýýez - RECIBIMOS SU PROPIEDAD  VEHýCULO EN PARTE DEPAGO- Ejecutivos de Ventas:Carola Riquelme cel. +569 9630 4086Javier Valenzuela cel. +569 9738 2871Cynthia Rojas cel. +569 3386 5360"
3,"Casa sector alto de la florida","UF 7.850,00","cristian","Aviso personal","Regiýn Metropolitana, La Florida","La Florida","+(56) 967695264
","https://www.yapo.cl/pg/0csHobb9mdNCZdh5/K23mTxbqRCoK2DxS83QASWVPaA==.gif","13 Agosto 18:32","73648266","Amplia casa ubicada en el mejor sector de laflorida, frente al cerro panul, hermosas plazas yýreas verdes, colegio a media cuadra, colectivo ala puerta, supermercados y mucho mýs. 5dormitorios, sala de estar.140 metros construidos mýs la logia.Persianas elýctricas. Estacionamientos hasta para4 vehýculos.Vende directo su dueýo, sin corredor."
4,"Hermoso departamento 3D+2B+Bodega San Miguel","UF 3.350,00","Jorge Gonzalez","Aviso personal","Regiýn Metropolitana, San Miguel","San Miguel","+(56) 962260809
","https://www.yapo.cl/pg/0Fm1JbG/VYtClewReYaT29nqPhtiW8m4G7idKBB9BgA==.gif","13 Agosto 18:32","73637784","Vendo hermoso departamento de tres dormitorios ydos baýos, cocina independiente y amoblada, conterraza y malla para seguridad de balconesUbicado en el piso 11, direcciýn nororienteExcelente ubicaciýn, cercano a estaciýn de metroCiudad del niýo, colegios, supermercados, bancos,Malls.Caracterýsticas comunidad:Accesos controlados, ýreas verdes, circuitocerrado de tv, citýfono, estacionamiento devisitas, portýn elýctrico, gimnasio, sala deeventos y piscina.Departamento 68,21 M2 con Bodega.Precio conversable.Jorge Gonzalez +569 62260809.Vende su dueýa, sin comisiýn"
5,"Casa habitacional o comercial Las Condes","$ 425.000.000","Ibaýez Propiedades","Aviso profesional","Regiýn Metropolitana, Las Condes","Las Condes","+(56) 222349907
","https://www.yapo.cl/pg/0VWIPTMyLf9kBJQgKSnktaGstqTLw5+J1/HXRnYHZzA==.gif","13 Agosto 18:30","73768660","Acogedora casa  que esta en esquina, cuenta con unpiso,  ubicada en barrio residencial cercana aestaciýn de metro Hernando de Magallanes y StadioItaliano. Cuenta con tres amplias  habitacionesprincipales en suite, dos baýos completos, sala deestar.  Living comedor separado con piso deparquet.  Cocina tradicional con comedor dediario, habitaciýn de servicio.,  patio interior.Estacionamiento para tres o cuatro  vehýculos.Metros construidos 156 Mt2, metros de terreno 495Mt2. Posibilidad de cambio de giro a comercial usode suelo zona U-V1. Se aceptan ofertas.En suma, Solicite mayores detalles y agende suvisita.  Oficina: 22-2349907   Celular (+569) 57092236SE ACEPTAN OFERTAS"
6,"Casa 3 dormitorios La Granja","$ 300.000","jmella84","Aviso personal","Regiýn Metropolitana, La Granja","La Granja","+(56) 933685959
","https://www.yapo.cl/pg/0kCFzozA5LXJJpaB+iZjK3kH4JBua9Z6hc0u57DeYjw==.gif","13 Agosto 18:29","73768631","Se arrienda casa en la comuna de la granja.Arriendo: $300.000- 3 dormitorios- 1 baýo- Cocina - Living - comedor.- Patio trasero- Antejardin- NO cuenta con EstacionamientoRequisitos:- 12 ultimas liquidaciones- 12 Cotizaciones AFP- Certificado laboral o antigýedad- Certificado Dicom- Mes de arriendo- 2 Meses de GarantýaPara mas consultas enviar WhatsApp solointeresados.Contacto: Josý Mella (Dueýo)Celular: +56933685959"
7,"Casa Santo Tomas","$ 25.000.000","Carmen Navarro","Aviso personal","Regiýn Metropolitana, La Pintana","La Pintana","Sin numero","Sin numero","13 Agosto 18:29","73768619","Casa basica 30 1/2 de Santa Rosa2 pisos2 dormitorios Precio conversable Fono contacto 9 93621617"
8,"Pieza amplio espacio Stgo Centro","$ 230.000","Martin ","Aviso personal","Regiýn Metropolitana, Santiago","Santiago","+(56) 979014459
","https://www.yapo.cl/pg/0p5bPafsKZKrInwzuvAkudZeQeV6Le2HUH7ukGS137g==.gif","13 Agosto 18:27","73768579","Se arrienda pieza amplio espacio 2 ambientessector de Stgo centro Victoria con Arturo PratIncluye uso de lavadora, cocina y refrigerador."
9,"dpto en Independencia","$ 260.000","Helen Martinez","Aviso personal","Regiýn Metropolitana, Independencia","Independencia","+(56) 955331878
","https://www.yapo.cl/pg/0uKJOz8NAG2sQ2YuVw76d+WFlnM59y0r/4Th8cGz58A==.gif","13 Agosto 18:27","73768553","Se arrienda departamento de 1 dormitorio, 1 baýo,living-comedor, cocina americanaCuenta con cocina encimera y horno elýctricoPiso 18Disponible a partir de septiembreMes de garantýaRequisitos evaluables para cada casoDirecto por su dueýa"
10,"Depto. 1D 1B Metro Bellas Artes","$ 290.000","Invierte Propiedades","Aviso profesional","Regiýn Metropolitana, Santiago","Santiago","+(56) 995895815
","https://www.yapo.cl/pg/0VLjPjGVokBCi+ertkzu4MghsNspME219u7vs8W5KVw==.gif","13 Agosto 18:25","72932121","Hermoso y centrico departamento en Centro deSantiago.1 dormitorio en suite.cocina americana.piso flotante.departamento no cuenta con estacionamiento nibodega.amplia terraza que cubre todo el departamento.Gasto comun aprox de $70.000.Edificio cuenta con piscina en ultimo piso,gimnasio en ultimo piso, lavanderia, patiosinterores, bicicletero.Departamento ubicado a dos cuadras de metrosBellas Artes y Plaza de Armas.Comercio cercano, supermercados, carabineros,bancos, farmacias, restaurantes.Barrio Lastarria y Bellas Artes.(datos importantes, no se permiten mascotas niniýos, departamento ideal para persona sola opareja). :-:-:-:-:-:-:-:-:-:-:-:-:-:-:-:-:-:-:-:Contacto, Reservas y Mýs Informaciýn:Invierte Propiedades Cýdigo: 3267Nombre del Ejecutivo: Nicole  CastroTelefono Ejecutivo: 944028380"
11,"DEPARTAMENTO Departamento cercano a Estaciý…","$ 50.000.000","Corretajes Prosal Ltda","Aviso profesional","Regiýn Metropolitana, Santiago","Santiago","+(56) 226337160
","https://www.yapo.cl/pg/0vs322I4G2ycuzimJe4Rb1Vr1OFiWzZK5mUwVcw8Y7Q==.gif","13 Agosto 18:24","71004145","- Departamento en 4ý Piso- Aldunate 1064 Dp 41-B, Santiago.- Edificio Jardines del Pque. O'Higgins - A pasos Estaciýn metro Pque O'Higgins- Gasto comýn : $65.000.- aprox.- Orientaciýn : Poniente- Piso : flotante- Living - Comedor- Cocina americana- 1 Dormitorio- 1 Closet- 1 BaýoEspacios comunes :- Lavanderýa - Quincho- Sala de Eventos- Gimnasio - Piscina- Plaza- Ascensor (2)- Conserjerýa y vigilancia- Rol de la Propiedad : 2887-115- Cercano a movilizaciýn, supermercado, colegio,ýreas verdes, y metro- Referencia de direcciýn : Av. Matta con NatanielCox- RECIBIMOS SU PROPIEDAD  VEHýCULO EN PARTE DEPAGO- COMISIýN DE CORRETAJE : 2,5 % + IVA- Ejecutivos de Ventas:Carola Riquelme cel. +569 9630 4086Javier Valenzuela cel. +569 9738 2871Cynthia Rojas cel. +569 3386 5360"
12,"Av. Las Condes / Charles Hamilton","$ 380.000","Cobo Propiedades","Aviso profesional","Regiýn Metropolitana, Las Condes","Las Condes","+(56) 979683196
","https://www.yapo.cl/pg/0w1Q6/h68myrxOx4FwSLM/QYgaHRPysGTOA2SPbU9Yg==.gif","13 Agosto 18:24","73768484","ARRIENDOEstupendo departamento en 8ý piso. Living consalida a agradable terraza, cocina americana conencimera a gas y horno elýctrico.Un dormitorio, un baýo. Estacionamiento y bodega.Gasto comýn $80.000 aprox.DISPONIBLE DESDE SEPTIEMBRE."
13,"OFICINA Ricardo Matte Perez con Seminario P…","UF 165,00","Cumbre Real Gestiýn Inmobiliaria","Aviso profesional","Regiýn Metropolitana, Providencia","Providencia","+(56) 959569170
","https://www.yapo.cl/pg/0cEoNAkAitIoCDkfT1e9nwMTcujYR22VN16RucuhhFA==.gif","13 Agosto 18:21","73768434","OFICINA DISPONIBLE EN ARRIENDO.Amplia casa de 2 pisos con patente comercial enexcelente ubicaciýn en Providencia, cercana ametro Baquedano y Parque Bustamante, a pasos decalle Seminario.Excelente conectividad, muy accesible para tusclientes y colaboradores. Cercano a comercio engeneral y calles principales como Seminario,Rancagua.Cuenta con 16 privados y 4 baýos, distribuidos dela siguiente manera:1era planta: 6 privados y 2 baýos2da planta: 10 privados y 2 baýos.Adicionalmente cuenta con terraza, ventana conprotecciones, sistema de alarmas yestacionamientos.La infraestructura del inmueble estý en muy buenestado de conservaciýn, con amplos detalles enmadera natural como las escaleras y piso flotante.Ideal para giros comerciales, tales cýmo: Oficinasde isapres, Caja de compensaciýn, Institutosprofesional, Centro mýdico, Oficinas de recursoshumanos entre otros.Todas tus consultas al 9 8157 6136"
14,"Casa Con Departamento","$ 70.000.000","Gloria Guerra","Aviso personal","Regiýn Metropolitana, El Bosque","El Bosque","+(56) 998797482
","https://www.yapo.cl/pg/0VUfqvk9Nz+x0ODkCs9MGp5i2+o+QklyGctiHt0Zt2g==.gif","13 Agosto 18:21","73768431","Vendo Casa la cual tiene en el mismo terreno undepartamento.La Casa: Solida, 2 dormitorios, un baýo, livingcomedor y cocina.Departamento: Solida, dos piso, el piso de arribatiene un dormitorio Matrimonial y dos dormitoriosindividuales, un baýo. Primer piso tiene living,comedor, Cocina, pieza matrimonial y baýos. atrastiene una galeria con comedor diario, parrilla yun pequeýo patio.ante jardin con covertizo, ceramica, cabe un auto"
15,"Departamento penthouse en la mejor ubicaciý…","UF 16.740,00","Cumbre Real Gestiýn Inmobiliaria","Aviso profesional","Regiýn Metropolitana, Las Condes","Las Condes","+(56) 959569170
","https://www.yapo.cl/pg/0MNmdb1UXx5oxVf/PXJWOUQmf3yWCvRDHu8N1XYdEbg==.gif","13 Agosto 18:20","73768400","PENTHOUSE EN LA MEJOR UBICACIýN DE LAS CONDES.En una inmejorable ubicaciýn y conecciýn a callesprincipales como Avenida Kennedy, cercano aCentros Comerciales, Mall, Universidades, Colegiosy Parques.Todo lo que necesitas para llevar una vidatranquila en un sector seguro y residencial.El edificio cuenta con 2 departamentos por piso,con vista oriente y ascensor privado al hall deacceso de la propiedad, cuenta con living ycomedor totalmente independientes y con entradadirecta a la cocina. Los espacios como hall deacceso, dormitorios, cocina, pieza de servicio, seencuentran ampliamente separados, dos de losdormitorios tienen baýo en suite, el principalcuenta con variados closet y jacuzzi.El tipo de calefacciýn es por calefacciýn centraly losa radiante, que es totalmente independienteal edificio, permitiendo una mayor independencia.El edificio cuenta con seguridad 24/7, amplio ymoderno Gimnasio, Sala de eventos, Sauna yPiscina, 3 Estacionamientos y 1 Bodega.Contacto : Valesca Reyes"
16,"Depto. 1D/1B + 1E Metro Los Hýroes","$ 290.000","Invierte Propiedades","Aviso profesional","Regiýn Metropolitana, Santiago","Santiago","+(56) 995895815
","https://www.yapo.cl/pg/0eD8nhLiiTg+a566NZLw5xp046uLzWWdkgp1fUFTSGQ==.gif","13 Agosto 18:19","71170950","Departamento en arriendo cerca de la estaciýn demetro Los Heroes (L1)GRAN OFERTA POR 4 MESES $290.000 Y DESPUES VALORREAL DE $330.000.-Caracterýsticas:- 1 dormitorios.- 1 baýo.- Superficie: 28 m2- Estacionamiento subterrýneo.- Orientaciýn Poniente.- Piso 7.*Gastos comunes: $45.000 aproxExcelente ubicaciýn y conectividad: Cercano aestaciýn de metro Santa Ana y Los Hýroes (L1),paraderos, centros educativos, lugares derecreaciýn, bancos, hospitales, centroscomerciales y comercio en general.Hermoso, amplio y comodo departamento 1dormitorio, 1 baýo, Estacionamiento. Cercano ametro Moneda  los Hýroes- Departamento en piso 7- Living comedor - Piso flotante- 1 Dormitorio (con ventanales)- 1 baýo (dormitorio principal)- Cocina a gas- Disponibilidad InmediataExcelente ubicaciýn y conectividad: cercano afarmacias, bancos, supermercados, hospitales ycomercio en general. A pasos de estaciýn de metroMoneda y Los Hýroes.Gastos comunes: Aprýx 45.000Marisol Marýn Moreno Ejecutivo Inmobiliario -Invierte PropiedadesCel: +56 9 34267540:-:-:-:-:-:-:-:-:-:-:-:-:-:-:-:-:-:-:-:Contacto, Reservas y Mýs Informaciýn:Invierte Propiedades Cýdigo: 1459Nombre del Ejecutivo: Marisol Leonor MarinTelefono Ejecutivo: +56934267540"
17,"DEPARTAMENTO Alc. Pedro Alarcýn con Gran Av…","UF 2.800,00","Cumbre Real Gestiýn Inmobiliaria","Aviso profesional","Regiýn Metropolitana, San Miguel","San Miguel","+(56) 959569170
","https://www.yapo.cl/pg/0msSwMYPr32PO2I7GwFMw3KSkmt+4i7Arp3K0viDLCQ==.gif","13 Agosto 18:18","73768347","CUMBRE REAL VENDE, lindo, acogedor y modernodepartamento, con muy poco uso, a pasos de la GranAvenida, cercano a metro San Miguel.Cuenta con 3 dormitorios y 1 baýo, terraza, cocinaindependiente con logia completamente amobladaposee calefont ionizado automýtico.Living - comedor de muy buen tamaýo.Finas terminaciones, piso flotante en dormitorios,cerýmico en living-comedor, pasillos, terraza,baýo y cocina.Condominio full equipado, con ýreas verdes,piscina y sector para niýos. Accesos controladoslas 24 horas.Comercio, colegios, supermercado Jumbo, locomociýny metro L2 en las cercanýas.!Gran oportunidad de inversiýn o para disfrutaruna nueva vida!Contacto 9 8157 6136"
18,"CASA Prýncipe de Gales / Salvador Izquierdo…","UF 15.150,00","Cumbre Real Gestiýn Inmobiliaria","Aviso profesional","Regiýn Metropolitana, La Reina","La Reina","+(56) 959569170
","https://www.yapo.cl/pg/0dHlY37QtMpSxfpqwcbqldw/MYClAgEwh4qS/e+sSnA==.gif","13 Agosto 18:17","73768340","VIDA EN FAMILIA, VIDA DE BARRIO, TRANQUILIDAD, ..TODAS LAS RESPUESTAS EN ESTA CASA PARA TODA LAVIDA EN LA REINACumbre Real presenta El Hogar perfecto...., unacasa ideal para vivir tranquilo en familia ydisfrutar de cada momento, con amplios espacios yrincones especiales en cada parte, con ampliosespacios pensando en su confort y comodidad. Estaamplia propiedad, es ideal para familia con hijosen el THE GRANGE, ANDREE SCHOOL y SAINT JOHN'SVILLA ACADEMY, ya que se encuentra en unaestratýgica ubicaciýn en la comuna de La Reina quepermite fýcil acceso caminando a estos 3 colegios.Una Acogedora propiedad de espacios amplios,confortables con estupenda luz natural y jardines,a tan sýlo 2 cuadras del Boulevard Prýncipe deGales, equipado con bancos, restaurantes,supermercados, servicios y ciclovýa recreativa losfines de semana, para que usted y su familiapuedan disfrutar de una vida de barrio, pero conlas comodidades de un buen sector, con buenaconectividad a travýs de Prýncipe de Gales,Alcalde Manuel De La Lastra y Av. FranciscoBilbao, cercana a estaciýn de metro Prýncipe deGales.La casa se encuentra remodelada y modernizada, conpiso de parquet en muy buen estado y vitrificado,ventanas de termopanel, amplio quincho techado,cocina espaciosa con encimeras de silestone,campana, y con salida directa a la terraza. En elprimer piso encontramos living comedor, dormitorioprincipal en suite, cocina, baýo de visitas ypieza de servicios mýs loggia; tambiýn hay unamplio departamento con entrada independiente quetiene 2 habitaciones y baýo completo.En el segundo piso hay 1 baýo completo, 2 ampliosdormitorios, ambos con salida a una amplia terrazacon losa, ideal para ampliaciýn.Jardýn formado con riego elýctrico y espacio paraestacionar 2 autos cýmodamente.Cumpla su sueýo hoy y viste esta propiedad.Contribuciones: 205.000 aprox. trimestrales.DEJE QUE LO GUIE UN AGENTE QUE"
19,"Casa apta para Local Comercial en Metro San…","UF 4.500,00","Fuenzalida Propiedades - Padre Hurtado","Aviso profesional","Regiýn Metropolitana, La Florida","La Florida","+(56) 223836210
","https://www.yapo.cl/pg/0hEjKbihFoHHLxjY2oToU33z8ezH+K8e7Ejran5oOmQ==.gif","13 Agosto 18:16","73768316","FPH3317 Casa  esquina  204/216 mts.,  emplazada enAmýrico Vespucio a pasos Vespucio Sur Express,apta para local comercial, oficina o habitacional,cercana a Metro Santa Julia. Sala de Ventas, showroom, recepciýn, 3 privados 1 baýo, cocina,bodega,  con segundo piso 70 mts.2, portýn amplio,reja de fierro entrada principal. Marina GacitýaTel. +56961201683"
20,"Casa en San Bernardo","$ 115.000.000","Nicole Alvial","Aviso personal","Regiýn Metropolitana, San Bernardo","San Bernardo","+(56) 992479183
","https://www.yapo.cl/pg/07CvWDiTKiPMzm9qipr/pEF8EjfpmUIkd1HSPlRXo4w==.gif","13 Agosto 18:16","72712452","Casa prýcticamente nueva, sin amoblar, ubicada envilla cerrada en San Bdo. En primer piso cuenta con amplio living-comedor,baýo y cocina.En segundo piso, tiene 3 habitaciones, espaciosasy bien iluminadas. Habitaciýn principal amplia. Cuenta con una capacidad de estacionamiento parados vehýculos.Cuenta con servicios býsicos. Ademýs dealcantarillado nuevo.Contacto: +569 924 791 83"
21,"DEPARTAMENTO Departamento en Tercer Piso. V…","$ 54.000.000","Corretajes Prosal Ltda","Aviso profesional","Regiýn Metropolitana, La Florida","La Florida","+(56) 226337160
","https://www.yapo.cl/pg/0kQuysNWaKg2lUiXksZJxI+Xxgxr/ldt62PTR2/9dxw==.gif","13 Agosto 18:16","70903167","- Departamento en Tercer Piso - Reina Luisa 6615 Dp 32 Block 19. La Florida- Villa Los Copihues- Excelente ubicaciýn.- Piso : cerýmica y flýxit- Living - Comedor- Cocina- 3 Dormitorios- 1 Baýo- Logia - Conserjerýa- Aýo de construcciýn 1974 Rol de la Propiedad :480-122- Cercano a : supermercado, colegio, movilizaciýny ýreas verdes- Referencia de direcciýn : Av. Departamental conAv. La Florida- RECIBIMOS SU PROPIEDAD  VEHýCULO EN PARTE DEPAGO- COMISIýN DE CORRETAJE : 2.5% + IVA- Ejecutivos de Ventas:Carola Riquelme cel. +569 9630 4086Javier Valenzuela cel. +569 9738 2871Cynthia Rojas cel. +569 3386 5360"
22,"Vendo casa en Puente Alto","$ 60.000.000","Propiedades Abarca","Aviso profesional","Regiýn Metropolitana, Puente Alto","Puente Alto","+(56) 954237434
","https://www.yapo.cl/pg/0spbNZsDueqlUemVqU0ffoucY2cmluVPxcJGSJJbkEA==.gif","13 Agosto 18:12","73768239","- Propiedad en conjunto Nevados del Maipo, PuenteAlto.- Casa de dos pisos con amplia entrada de auto,cobertizo y ante jardýn.- Amplio living comedor con piso de cerýmico.- Cuenta con 4 dormitorios de buen tamaýo concloset.- 1 baýo con vanitorio y tina, cerýmicos en murosy piso.- Cocina amoblada con instalaciýn para lavadora.- Patio trasero y lateral.- Porton de corredera con cierre de madera.- Sector tranquilo, cercano a colegios,supermercado Tottus, Santa Isabel y Lider, a 10minutos de Estaciýn de Metro Santa Mercedes.- Visitas a travýs de Corredora de PropiedadesFrancisca Abarca, previa coordinaciýn de 2 dýas.- Propiedad con disponibilidad para visitas,financiamiento a travýs de crýdito hipotecario y/oefectivo.- No paga contribuciones.- Sin deuda hipotecaria."
23,"DEPARTAMENTO Avenida Kennedy Las Condes","$ 660.000","Marýa Carolina Zegers","Aviso profesional","Regiýn Metropolitana, Las Condes","Las Condes","+(56) 982011896
","https://www.yapo.cl/pg/04B8nylX2rs/bfBgbxE5gx/xjF5muB0smY7UUL/NATw==.gif","13 Agosto 18:10","73768192","Departamento en arriendo, el cual se estaremodelando, con disponibilidad para el 1 deSeptiembre, con vista despejada, Cercano a MallAlto las Condes y todo Tipo de comercio.- Dormitorio Principal con closet de muro y salidaa terraza.- 2 Dormitorios con closet de muro.- 2 Baýos completos.- Amplio Living-Comedor con salida a terraza.- Cocina amoblada con luz natural.- Amplia Loggia.- Piso 3.- No tiene acsensor.- Estacionamiento.- Bodega.Para mýs informaciýn o visitas, llama al: +56 982011 896 o escrýbenos a: | Venta y Arriendo | Brokers & Partners |"
24,"Estacionamiento - Metro Las Torres","$ 30.000","Mijail Tchernitchin","Aviso profesional","Regiýn Metropolitana, Macul","Macul","+(56) 982196698
","https://www.yapo.cl/pg/0IxyPTtGX7QErhdrH2qdgAoSr7ib1W4GbtCE4A0skCg==.gif","13 Agosto 18:09","73768182","Estacionamiento Metro Las TorresAmerico Vespucio 4601Se arrienda a $30.000.- pero al momento de lafirma de contrato se deja $50.000.- que incluye lacomisiýn."
25,"CASA Terralta - Chamisero Colina","UF 13.500,00","Marcela Fernýndez","Aviso profesional","Regiýn Metropolitana, Colina","Colina","+(56) 995050394
","https://www.yapo.cl/pg/0ovA2yET1rvzx/oU3hpkCu/43wrRTAO4XMCEfzDlZ4A==.gif","13 Agosto 18:09","73768177","Excelente casa estilo mediterrýnea. Ubicada enconsolidado condominio de sector Chamisero, conacceso controlado, seguridad permanente. A pasosde colegio Alianza Francesa, Dunalastair yLincolna, con acceso directo a radial Nororiente,y servicios.PRIMER PISO:- Hall de acceso- Baýo de visita- Living- Comedor- Cocina equipada con isla de comedor de diario- Dormitorio principal en suite con walk in closetSEGUNDO PISO:- Sala de estar- Dos dormitorios- Un baýo completoEXTERIOR:- Terraza techada- Parrilla en obra- Piscina con reja de seguridad- Jardýn formado- Riego automýticoýREA SERVICIO:- Dormitorio y baýo de servicio- Logia techada- Lavadero interiorEQUIPAMIENTO:- Piso de madera en toda la casa- Piso porcelanato en hall de acceso, cocina ybaýos- Ventanas termopanel- Calefacciýn a gas por losa radiante- Cocina y baýos con cubiertas de cuarzo - Estacionamiento para dos autos con adoquinesPara mýs informaciýn o visitas, llama al:+56995050394 o escrýbenos a: | Venta y Arriendo | Brokers & Partners |"
26,"Hacienda el Peýýn, Preciosa Casa 1 piso Condominio","$ 165.000.000","InmobiHogar Corredora de Propiedades","Aviso profesional","Regiýn Metropolitana, Puente Alto","Puente Alto","+(56) 934305536
","https://www.yapo.cl/pg/0PJWUjnxxIxtzoIIAT13gydCiURzHWrOcdIKhSaPyQg==.gif","13 Agosto 18:08","73736791","Se Vende Hermosa Casa Arrayýn Ampliada enCondominio, Hacienda El Peýon, Comuna Puente Alto.Valor $165.000.000*Corredora Exclusiva Caracterýsticas:Orientaciýn: Norte Terreno 295 m2Construýdo original: 94 m2 Ampliaciýn 35 m2 3 dormitorios, principal en suite2 baýos Living comedor Ampliado Gran Sala de Estar Cocina Ampliada, amoblada y equipada con cubiertade granito Piso flotante en toda la casa Loggia Bodega con iluminaciýnTerraza Techada 16 m2 (no estý incluido en eltotal de los m2 construidos)Aire Acondicionado de 9000 BTU en dormitorioprincipal Hermoso patio con Pasto de sintýtico Hermosa iluminaciýn dentro y en patio de la casa Jardin formado en la entrada de la casa con riegoautomýtico Precioso estacionamiento para 2 vehýculos dePiedra Laja.Termo Solar que permite ahorro de gasHacienda El Peýon se encuentra ubicado en sectorLas Vizcachas, Comuna de Puente Alto.En la entrada existe Strip Center por Camino a SanJosý de Maipo el cual cuenta con supermercado,farmacia, restaurantes, peluquerýa, librerýa ytienda de productos para mascotas.Abajo se encuentra Paradero de Transantiago delinea F11, Metrobus y Colectivos .Condominio esta cercano al Pueblito Las Vizcachas,Mampato y Club de Campo Las Vizcachas, a 10minutos del Mall Plaza Tobalaba.Vende Inmobihogar Corredora de Propiedades*Debe considerar pago de comisiýn APROVECHE!!! PUEDE PAGAR CON TARJETAS DE CRýDITOEN CUOTAS (El nýmero de cuotas dependerý delconvenio que tenga con su banco)Agende su visita al +56934305536"
27,"Hacienda el Peýýn, Preciosa Casa en Condominio","$ 199.000.000","InmobiHogar Corredora de Propiedades","Aviso profesional","Regiýn Metropolitana, Puente Alto","Puente Alto","+(56) 934305536
","https://www.yapo.cl/pg/0udM5DrXjDmvc3NwqBuXVpNsAbB6lwCAUUQ/hqmVaeA==.gif","13 Agosto 18:08","73736019","Se Vende Preciosa Casa Lingue en Condominio,Hacienda El Peýon, Comuna Puente Alto.Valor $199.000.000*Corredora Exclusiva Caracterýsticas:Orientaciýn: Norte Terreno 290 m2Construýdo original: 108 m2 Ampliaciýn 25 m2 4 dormitorios, principal en suite con jacuzzi3 baýos Living comedorSala de televisiýnCocina amoblada y equipada con cubierta de granitoComedor de diario Sala de estar (2 piso)Piso flotante en toda la casa Loggia cerrada 2 bodegas en los costados de la casa 1 despensa al costado de la loggia Terraza Techada 29 m2 (no estý incluido en eltotal de los m2 construidos)Entretecho habilitado, totalmente forrado enmadera con ventanas para la ventilaciýn Piscina Aire Acondicionado de 9000 BTU en dormitorioprincipal y sala de estarPasto de sintýtico en patio Hermosa iluminaciýn adentro y patio de la casa Jardin formado en la entrada de la casa con riegoautomýtico Precioso estacionamiento para 2 vehýculos dePiedra Laja.Hacienda El Peýon se encuentra ubicado en sectorLas Vizcachas, Comuna de Puente Alto.En la entrada existe Strip Center por Camino a SanJosý de Maipo el cual cuenta con supermercado,farmacia, restaurantes, peluquerýa, librerýa ytienda de productos para mascotas.Abajo se encuentra Paradero de Transantiago delinea F11, Metrobus y Colectivos .Condominio esta cercano al Pueblito Las Vizcachas,Mampato y Club de Campo Las Vizcachas, a 10minutos del Mall Plaza Tobalaba.Vende Inmobihogar Corredora de Propiedades*Debe considerar pago de comisiýn APROVECHE!!! PUEDE PAGAR CON TARJETAS DE CRýDITOEN CUOTAS (El nýmero de cuotas dependerý delconvenio que tenga con su banco)Agende su visita al +56934305536"
28,"Hacienda El Peýon, Preciosa Casa 4 dormitorios","$ 186.000.000","InmobiHogar Corredora de Propiedades","Aviso profesional","Regiýn Metropolitana, Puente Alto","Puente Alto","+(56) 934305536
","https://www.yapo.cl/pg/09Ooarmer8rdZB43YelpEKFUgBkwU8gAnF4wJ9G6VHA==.gif","13 Agosto 18:08","72889722","Se Vende Hermosa Casa Lingue Ampliada, Hacienda ElPenon, Comuna Puente Alto.No paga gastos comunes.Valor $186.000.000Caracteristicas:Orientacion Norte108 m2 construidos mas (9 m2 ampliacion living + 6m2 ampliacion loggia + 23,5 m2 terraza techadacerrada y quincho) 278 m2 terreno 4 dormitorios, principal en suite2 Banos con cubierta de marmol + bano visitas Sala de EstarLiving Ampliado, ComedorCocina amoblada y equipada con cubierta degranito, espacio para instalar comedor de diario Loggia cerrada ampliadaEstufa empotrada en Comedor Piscina Piso Flotante, alfombra en dormitorios, ceramicaen banos y cocina 2 Estacionamientos de Piedra Laja Sistema de Riego Manual El condominio esta ubicado en sector Hacienda ElPenon, existe Strip Center en la entrada porCamino a San Jose de Maipo el cual cuenta consupermercado, farmacia, restaurantes, peluqueria,libreria y tienda de productos para mascotas.En la entrada de la Hacienda se encuentra Paraderode Transantiago de linea F11, Metrobus yColectivos.Condominio esta cercano al Pueblito Las Vizcachas,Mampato y Club de Campo Las Vizcachas, a 10minutos del Mall Plaza Tobalaba.Vende Inmobihogar Corredora de Propiedades APROVECHE!!! PUEDE PAGAR CON TARJETAS DE CRýDITOEN CUOTAS (El nýmero de cuotas dependerý delconvenio que tenga con su banco)Agende su visita al +56934305536"
29,"DEPARTAMENTO Departamento en Primer Piso en…","$ 42.000.000","Corretajes Prosal Ltda","Aviso profesional","Regiýn Metropolitana, Recoleta","Recoleta","+(56) 226337160
","https://www.yapo.cl/pg/0TOwgcQbWWfaPMSSCKtUagKFO9pB8vzd54fw1zg17NA==.gif","13 Agosto 18:08","70140055","- Departamento en Primer Piso - Punta Arenas 3661 Dp 104, Edificio 6-B. Recoleta- Poblaciýn Santa Mýnica - Gasto Comýn : $35.000.- aprox.- Piso : cerýmica- Living - Comedor- Cocina- 3 Dormitorios- 1 Baýo- Estacionamiento comýn- Aýo de Construcciýn : 1983 Rol de la Propiedad :5608-28- Cercano a movilizaciýn, supermercado, colegio yýreas verdes- Referencia de direcciýn : Diagonal . Caro conRaýl Montt - RECIBIMOS SU PROPIEDAD  VEHýCULO EN PARTE DEPAGO- COMISIýN DE CORRETAJE : 2,5 % + IVA- Ejecutivos de Ventas:Carola Riquelme cel. +569 9630 4086Javier Valenzuela cel. +569 9738 2871Cynthia Rojas cel. +569 3386 5360"
30,"Departamento Departamento 1 Dormitorio Lyon…","$ 300.000","Me Encargo","Aviso profesional","Regiýn Metropolitana, ýuýoa","ýuýoa","+(56) 986597314
","https://www.yapo.cl/pg/0Y+e8DXRsOtM/4TdgiKTCbaHkkr9JGTU9HLd/udwdNg==.gif","13 Agosto 18:07","73768145","ýAtenciýn!Departamento 1 dormitorio en excelente ubicaciýncon vista a la cordillera. Lyon con Irarrazaval, metro ýuýoa.Metros cuadrados: 40mts21Dormitorio1Baýo en suiteCocina americanaLogiaDespensaLinving comedorTerraza OritenteBodegaEstacionamiento privado por $50.000.-(no incluido)Servicios comunitarios: $65.000ConserjerýaSeguridad 24/7GimnasioPiscinaQuinchoCalefacciýnAgua caliente incluida en Alrededores:SupermercadosGasolinerasBancosRestaurantesMinimarketHospitalPlazasExcelente Locomociýn""Se Paga:1 Mes de Arriendo1 Mes de Garantýa1/2 mes de Comisiýn + iva""COD: 2758444Consultar por chat, llamada o whatsApp indicandoel cod de esta publicaciýn. (Si no tienes contactotelefýnico dýjanos un mensaje de chat o deWhatsapp)Numeros de contacto+56969153606+56986597314+56232548659(SI VES ESTA PUBLICACIýN ES PORQUE AUN SIGUEDISPONIBLE )"
31,"OFICINA Centro El Alba Las Condes","UF 29,00","Marcela Fernýndez","Aviso profesional","Regiýn Metropolitana, Las Condes","Las Condes","+(56) 995050394
","https://www.yapo.cl/pg/00Wg50I41H5qoU1ZDDEP5wRpj9agB0GWX6cnad0NDyQ==.gif","13 Agosto 18:07","73768141","Estupenda oficina en Centro El Alba, ideal parainversionistas, ya que cuenta con arriendoasegurado.Ubicada en proyecto ýnico en Sector Los Dominicos.Cuenta con:-Recepciýn-Sala de espera-Dos privados con salida a jardýn privado-Dos baýos-Dos estacionamientos-Una bodega, la cual se encuentra habilitadaLas instalaciones estýn con climatizaciýnsectorizada, alarma, condominio de oficinas conýreas verdes, cafeterýas y restoranes. Parkingpagado para clientes.Ideal para dentistas o consultas mýdicas.Equipamiento:-Aire acondicionado-Acceso para discapacitados-Ascensor-Portero-Terraza-Jardýn-Estacionamiento techado-Seguridad 24 HorasPara mýs informaciýn o visitas, llama al:+56995050394 o escrýbenos a: | Venta y Arriendo | Brokers & Partners |"
32,"DEPARTAMENTO El Llano Subercaseaux San Miguel","UF 4.970,00","ProUrbe Manquehue","Aviso profesional","Regiýn Metropolitana, San Miguel","San Miguel","+(56) 226636000
","https://www.yapo.cl/pg/00sfvDxnjdGsFfOGiKFzUGXXYepAU8rdtRrqPaqkHJQ==.gif","13 Agosto 18:06","71379898","Oportunidad ýnica en el Llano, impecable! Paravisitas contactar a Valeria Leal al 56988069363.El departamento tiene 3 dormitorios principal ensuite con walking closet. 2 baýos, cocina separadacon loggia y terraza de excelente tamaýo. Seencuentra en piso 8 y su orientaciýn esNorponiente. Con estacionamiento y bodega. Eledificio cuenta con piscina, quincho, sala deeventos, sala de niýos, gimnasio y lavanderýa.Seguridad las 24 horas. Los Gastos comunes son de$140.000 app. y las contribuciones de $100.000app. VLS Para visitas contactar a Valeria Leal al56988069363."
33,"casa Villa el Abrazo Maipý","$ 300.000","Oscar Lopez","Aviso personal","Regiýn Metropolitana, Maipý","Maipý","+(56) 981597600
","https://www.yapo.cl/pg/0fcB1ZacHms3B18TMKRCg+drUpcsiGOBOpK0imNdUrg==.gif","13 Agosto 18:06","73768137","Detalles de la vivienda- 2 dormitorios - 2 baýos- Living Comedor Amplio- Cocina ampliada - Estacionamiento.Detalles del Arriendo:- Canon de arriendo : $ 300.000 - Mes de Arriendo + Garantýa al inicio delcontrato- No paga gasto comýn.Documentos Solicitados:- Contrato indefinido.- 6 ultimas liquidaciones de sueldo.- 12 Ultimas cotizaciones AFP - Informe DICOM."
34,"Dpto primer piso con derecho a compra","$ 290.000","j.e propiedades","Aviso profesional","Regiýn Metropolitana, La Pintana","La Pintana","+(56) 994048279
","https://www.yapo.cl/pg/08/fgDXKKkkx6sd6+86GD7qHe3vs0UpNJvyXv7IwvAw==.gif","13 Agosto 18:06","73768131","J E Propiedades Arrienda con derecho a compraDepartamento en la comuna de La PintanaUbicado en Primer piso y calles principales comoAvda La Serena3 habitaciones, 1 baýo, cocina, amplio livingcomedor, patio trasero con entrada independiente,estacionamientoprecio de Arriendo es de $290.000 mas mes degarantýa y 50% de corretajePrecio de Venta $29.990.000 mas honorarios decorretajeGESTIONA CON NOSOTROS TU CRýDITO HIPOTECARIOcoordinar visitas a los contactos +56994048279 /+56977673198"
35,"Departamento Bellas Artes (amoblado)","$ 350.000","Jocelyn Olguin","Aviso personal","Regiýn Metropolitana, Santiago","Santiago","+(56) 962476102
","https://www.yapo.cl/pg/0JrAis/CuWAUNap8fs0YCQaKI3iOOLBJ24ygkIXr0sg==.gif","13 Agosto 18:06","73768129","Arriendo amplio departamento frente a metro BellasArtes, totalmente amoblado. 2 habitaciones, 1 baýoen suite, cocina separada, amplia terraza. Estý en3ý piso, el edificio cuenta con conserjerýa 24horas y cýmaras de seguridad.Excelente ubicaciýn, barrio artistico, frente ametro Bellas Artes, a un costado del parqueForestal, excelente conectividad y locomociýn, auna cuadra de supermercados, tiendas, cafýs,teatros, restaurantes, cercano a barrio Lastarriasy Barrio Esmeralda. Tienes cerca notarias, bancos,entre otras cosas, por lo que la ubicacion tambienes ideal para cuando se deba realizar trýmitesvarios.El departamento cuenta con:refrigerador, micronda, cocina, campanaextractora, utensilios de cocina, comedor para 6personas, living, 1 televisor, lavadora, calefont,1 cama de 2 plazas, 1 futon de 1 plaza 1/2, doblechapa, entre otras cosas.Arrienda directamente la dueýa.Contacto al +56962476102. El valor del arriendo es de $350.000 hastadiciembre, precio por pandemia. Luego sereestablece el valor normal del arriendo. Mýsdetalle al nýmero de telýfono."
36,"Departamento Nueva de Valdes & Av. manuel A…","$ 350.000","Me Encargo","Aviso profesional","Regiýn Metropolitana, Santiago","Santiago","+(56) 986597314
","https://www.yapo.cl/pg/0DuHbjhyBe5Gf674fbkJojKVeJyWn2cQHfmdGKTXgQQ==.gif","13 Agosto 18:06","73768120","ýAtenciýn!Gran departamento con estacionamiento, excelenteconectividad a pasos de metro Matta, entregainmediata.Nueva de Valdes / Av. manuel Antonio Matta,Santiago.Superficie total : 50 mts2Caracterýsticas2 Dormitorios1 BaýosCocinaLivingTerraza EstacionamientoServicios comunitarios: $70.000ConserjerýaSeguridad 24/7PiscinaGimnasioLavanderýaAlrededores:SupermercadosGasolinerasBancosRestaurantesMinimarketHospitalPlazasExcelente Locomociýn""Se Paga:1 Mes de Arriendo1 Mes de Garantýa1/2 mes de Comisiýn + iva ""COD:   2753468Consultar por chat, llamada o whatsApp indicandoel cod de esta publicaciýn. (Si no tienes contactotelefýnico dýjanos un mensaje de chat o deWhatsapp)Nýmeros de contacto+56986597314+56969153606+56232548659(SI VES ESTA PUBLICACIýN ES PORQUE AUN SIGUEDISPONIBLE )"
37,"Departamento Departamento 1 dormitorio Metr…","$ 290.000","Me Encargo","Aviso profesional","Regiýn Metropolitana, Santiago","Santiago","+(56) 986597314
","https://www.yapo.cl/pg/0egxmhT4AqgX/wXhdIXbh6sEFC445pHnrfU4SgAV/SA==.gif","13 Agosto 18:05","73768109","ýAtenciýn!Excelente departamento 1 dormitorio a 2 cuadrasdel metro Bellas Artes y cercano a supermercados.Merced / Enrique Mac Iver, SantiagoSuperficie total :  45 mts2Caracterýsticas1 Dormitorios con closet1 Baýos Cocina equipadaLivingBalcon ponienteServicios comunitarios: $65.000Conserjeria 24/7Sala multiusoLavanderýaGimnasioAcceso controladoAlrededores:SupermercadosGasolinerasBancosRestaurantesMinimarketHospitalPlazasExcelente Locomociýn""Se Paga:1 Mes de Arriendo1 Mes de Garantýa1/2 mes de Comisiýn + IVA""COD: 2676932Consultar por chat, llamada o whatsApp indicandoel cod de esta publicaciýn. (Si no tienes contactotelefýnico dýjanos un mensaje de chat o deWhatsapp)            Numeros de contacto+56969153606+56986597314+56232548659(SI VES ESTA PUBLICACIýN ES PORQUE AUN SIGUEDISPONIBLE )"
38,"2 dormitorios y 2 baýos, Metro Mirador, La Florida","$ 350.000","ana molina macaya","Aviso profesional","Regiýn Metropolitana, La Florida","La Florida","+(56) 998282270
","https://www.yapo.cl/pg/0vjljv8I3jzK2NuT4pa6ZsUEEJRr0CLiwnsWA2+7tLw==.gif","13 Agosto 18:05","73767999","2 dormitorio + 2 baýo, Metro Mirador, La Florida.Departamento nuevo. Porcelanato en living,comedor, pasillo y baýos, dormitorio con pisoflotante, cocina equipada con cubiertas degranito, encimera, horno y campana, instalaciýnpara lavadora, ventanales termopaneles en pvc,citýfono y alarma en todos los departamentos. Seentrega con barras dobles para cortinas y lýmparasinstalas. Edificio equipado con piscina, gimnasio,quincho, sala multiuso, moderno bicicletero,circuito cerrado de tv. Sin estacionamiento y Sinbodega. Gasto comýn entre $75.000 y $95.000.Requisitos para arrendar:Cýdula de identidad por ambos lados; Informe DicomPlatinum 360 al dýa; Ingresos deben ser superioren 3 veces el monto del arriendo y se puedecomplementar renta; Certificado de cotizaciones deAFP con Rut de empleador; 3 ýltimas liquidacionessi el sueldo es fijo y 6 ultimas si es variable;Pasaporte y Cýdula Chilena; Contrato de Trabajo.En notarýa se debe cancelar mes de arriendo, mesde garantýa y comisiýn de corretaje. Ademýs, sedejan dos cheques sin fecha, nominativos ycruzados, por el valor del arriendo, estos seutilizarýn en caso de que el arrendatario seretrase en el pago de su mensualidad y sedevuelven una vez que se finiquite el Contrato delArriendo. Sino tiene cheque, se deja una segundagarantýa pagadera hasta en tres cuotas, y que sepuede empieza a pagar a contar del 4to mes dearriendo junto al arriendo."
39,"Departamento Erasmo Escala, Santiago","$ 250.000","Me Encargo","Aviso profesional","Regiýn Metropolitana, Santiago","Santiago","+(56) 986597314
","https://www.yapo.cl/pg/0l5IliTeYmMF1L69Z0WYJA6kN2q4AtJQz9KrngEag2w==.gif","13 Agosto 18:04","73768094","ýAtenciýn! Departamento Home Estudio ubicado en la comuna deSantiago, a pasos de metro estacion Republica,entrega inmediata.     Garcia Reyes / Erasmo Escala, SantiagoSuperficie total: 30 mts2  Caracterýsticas1 Dormitorio1 Baýo   Cocina americanaLivingServicios comunitarios:  $60.000 Conserjerýa Seguridad 24/7QuinchosLavanderýaGimnasioPiscinaAlrededores:SupermercadosGasolinerasBancosRestaurantesMinimarketHospitalPlazasExcelente Locomociýn""Se Paga:1 Mes de Arriendo1 Mes de Garantýa1/2 mes de Comisiýn + iva""         COD:  2635307 Consultar por chat, llamada o whatsApp indicandoel cod de esta publicaciýn. (Si no tienes contactotelefýnico dýjanos un mensaje de chat o deWhatsapp)Numeros de contacto +56969153606+56986597314+56232548659 (SI VES ESTA PUBLICACIýN ES PORQUE AUN SIGUEDISPONIBLE )"
40,"Departamento Rosas, Santiago","$ 270.000","Me Encargo","Aviso profesional","Regiýn Metropolitana, Santiago","Santiago","+(56) 986597314
","https://www.yapo.cl/pg/0Z0k/WxhROFdALyq6Xme6IfhgI2YpBGWFCNKLbydthA==.gif","13 Agosto 18:04","73768091","ýAtenciýn!Excelente departamento a dos cuadras del metroCumming y cercano a supermercados, entregainmediata.General Baquedano / Rosas, SantiagoSuperficie total :  30 mts2Caracterýsticas1 Dormitorio con closet1 Baýos Cocina EquipadaLivingServicios comunitarios: $60.000Conserjeria 24/7Sala multiusoQuinchoLavanderýaGimnasioPiscinaAcceso controladoAlrededores:SupermercadosGasolinerasBancosRestaurantesMinimarketHospitalPlazasExcelente Locomociýn""Se Paga:1 Mes de Arriendo1 Mes de Garantýa1/2 mes de Comisiýn + IVA""COD: 2643493Consultar por chat, llamada o whatsApp indicandoel cod de esta publicaciýn. (Si no tienes contactotelefýnico dýjanos un mensaje de chat o deWhatsapp)            Nýmeros de contacto+56986597314+56969153606+56932548659(SI VES ESTA PUBLICACIýN ES PORQUE AUN SIGUEDISPONIBLE )"
41,"Departamento Vicuýa Mackenna / ýuble, Santiago","$ 250.000","Me Encargo","Aviso profesional","Regiýn Metropolitana, Santiago","Santiago","+(56) 986597314
","https://www.yapo.cl/pg/0LlJrGkSQ3He0cpbfsIilob58ZpEypUJn5JKmYPx9UQ==.gif","13 Agosto 18:04","73768088","ýAtenciýn! Excelente Departamento ubicado en la comuna deSantiago, a pasos de metro estacion ýuble, entregainmediata.     Vicuýa Mackenna / ýuble, SantiagoSuperficie total: 34 mts2  Caracterýsticas1 Dormitorio1 Baýo   Cocina EquipadaLivingServicios comunitarios:  $45.000 Conserjerýa Seguridad 24/7QuinchosLavanderýaGimnasioPiscinaAlrededores:SupermercadosGasolinerasBancosRestaurantesMinimarketHospitalPlazasExcelente Locomociýn""Se Paga:1 Mes de Arriendo1 Mes de Garantýa1/2 mes de Comisiýn + iva""         COD:  2643597 Consultar por chat, llamada o whatsApp indicandoel cod de esta publicaciýn. (Si no tienes contactotelefýnico dýjanos un mensaje de chat o deWhatsapp)Numeros de contacto +56969153606+56986597314+56232548659 (SI VES ESTA PUBLICACIýN ES PORQUE AUN SIGUEDISPONIBLE )"
42,"Depto metro Moneda como Nuevo","$ 320.000","Lidia Sanhueza Suazo","Aviso personal","Regiýn Metropolitana, Santiago","Santiago","+(56) 958450066
","https://www.yapo.cl/pg/0ie5U6qQTpE9Zqi6jw2YrJJbfss6I5hxHI8BR1Ps3bA==.gif","13 Agosto 18:04","73768086","Metro Moneda, cercano a metro Parque Almagro yToesca.- Logia con instalaciýn de lavadora- Amplia terraza- Cocina cerrada con campana y cocina encimera- Todas las ventanas con rieles dobles- Lýmparas en todas las instalaciones y ampolletasahorro de energýa.* No tiene estacionamiento ni bodega.REQUISITOS- Un aýo de antiguedad laboral- Renta superior a $800.000- Certificado de AFP (12 ýltimos meses)- Certificado de Dicom- Certificado de Antecedentes- Aval con los mismos requisitos- Gasto en notaria por $8.000 aprox. por contratode arriendo- Mes de arriendo y garantýaSIN COMISIýN, ARRIENDA SU DUEýA"
43,"Departamento Fray Camilo Henriquez & Sta Is…","$ 290.000","Me Encargo","Aviso profesional","Regiýn Metropolitana, Santiago","Santiago","+(56) 986597314
","https://www.yapo.cl/pg/0EQkcki9Oci6TbEu/x9ZngXhAsel3n08Vmf5JfcMFlw==.gif","13 Agosto 18:04","73768085","ýAtenciýn!Excelente departamento 1 dormitorio a 2 cuadrasdel metro Santa Isabel y cercano a supermercados.Piso 5, sin estacionamiento. La garantia se puedepagar en dos partes.Descuento los primeros tres meses a (275.000) apartir del tercero (290.000) y desde el sexto mesvalor normal (300.000). Fray Camilo Henriquez / Sta Isabel, SantiagoSuperficie total :  30 mts2Caracterýsticas1 Dormitorios con closet1 Baýos Cocina equipadaLivingBalconBodegaServicios comunitarios: $45.000Conserjeria 24/7Sala multiusoQuinchoPiscinaLavanderýaGimnasioBicicleterosAcceso controladoAlrededores:SupermercadosGasolinerasBancosRestaurantesMinimarketHospitalPlazasExcelente Locomociýn""Se Paga:1 Mes de Arriendo1 Mes de Garantýa1/2 mes de Comisiýn + IVA""COD: 2654709Consultar por chat, llamada o whatsApp indicandoel cod de esta publicaciýn. (Si no tienes contactotelefýnico dýjanos un mensaje de chat o deWhatsapp)            ""Estamos en insta como: meencargopro(SI VES ESTA PUBLICACIýN ES PORQUE AUN SIGUEDISPONIBLE ) """
44,"CASA Piedra Roja Colina","$ 1.650.000","Marcela Fernýndez","Aviso profesional","Regiýn Metropolitana, Colina","Colina","+(56) 995050394
","https://www.yapo.cl/pg/0G4kpDJjffFU3SeKs7n8SSfCULJDGMKi99ay4g0S4WQ==.gif","13 Agosto 18:04","73768077","Increýble casa mediterrýnea, totalmente nueva, conmodernas terminaciones, calidad en artefactos,amplios espacios, detalles de madera en escalera ycielo de hormigýn a la vista. Ubicada encondominio consolidado del sector de Piedra Roja,con acceso controlado y seguridad las 24 hrs, yýreas verdes. Cercana a colegios San Anselmo,Colegio Alemýn, Clýnica Las Condes y futuraClýnica Alemana (en construcciýn), Centrocomercial Piedra roja (supermercados, bancos yrestaurantes). Acceso directo a AutopistaNororiente y Camino Juan Pablo II (Lo Barnechea).PRIMER PISO-Amplio hall de entrada-Baýo de visita-Luminoso living y comedor con salida a terrazaampliada-Sala de estar familiar-Moderna cocina equipada con encimera, campana yhorno empotrado, con cubierta de cuarzo y piso deporcelanato-Lavadero integrado-Patio de servicio-Dormitorio y baýo de servicioSEGUNDO PISO-Amplia sala de estar familiar-Dos dormitorios -Baýo completo -Dormitorio en suite -Gran dormitorio principal en suite con ampliowalk in closet, amplio y luminoso baýo con tinahidromasaje y doble vanitorio y salida a terrazaprivadaEXTERIOR-Terraza ampliada y techada-Antejardýn con estacionamiento para 2 autos-Portýn automýticoEQUIPAMIENTO-Acceso con piso de marmol-Piso de madera en toda la casa a excepciýn debaýos y cocina con porcelanato-Calefaccion central por radiadores-Ventanales de termopanelPara mýs informaciýn o visitas, llama al:+56995050394 o escrýbenos a: | Venta y Arriendo | Brokers & Partners |"
45,"2 Dormit.,1 Baýo, Metro Bellas Artes","$ 260.000","Martina Propiedades","Aviso profesional","Regiýn Metropolitana, Santiago","Santiago","+(56) 998615857
","https://www.yapo.cl/pg/0H2rxCCNsaYCxR/RJe7pZPce99jzpn0abCn10/tuWdA==.gif","13 Agosto 18:02","73768049","Departamento impecable, en 5ý piso de modernoedificio, a pasos de la estaciýn de metro y delBarrio Bellas Artes. Consta de 2 dormitorios (1grande y otro pequeýo), 1 baýo, closets, conexiýnp/lavadora, cocina americana semi amobladac/desayunador y sala de estar. El edificio poseepiscina, quinchos y sala de reuniones en laazotea, con vista panorýmica a la ciudad;lavanderýa y conserjerýa las 24 hrs. Con muybuenos accesos: locomociýn casi a la puerta,metro, supermercados, bancos, casas de cambio,restaurantes, cafeterýas, cines, teatros, parques,plaza, espacios culturales, librerýas,bibliotecas, mercados y comercio; en pleno casohistýrico de la ciudad de Santiago. Gastos Comunes$47.000 (inc. agua caliente)."
46,"Departamento Santo Domingo / Morande, Santiago","$ 300.000","Me Encargo","Aviso profesional","Regiýn Metropolitana, Santiago","Santiago","+(56) 986597314
","https://www.yapo.cl/pg/0wIpYK/3YQwKhLfOlzJ2cuA+RpU8k46bkqoRGv9dKyA==.gif","13 Agosto 18:00","73768012","ýAtenciýn!Hermoso departamento ubicado en la comuna deSantiago, a pasos de metro estacion Universidad dechile, Entrega Inmediata.Santo Domingo / Morande, SantiagoSuperficie total : 35 mts2Caracterýsticas1 Dormitorio1 BaýoCocina Tipo AmericanoLivingTerrazaBodegaServicios comunitarios: $40.000ConserjerýaSeguridad 24/7QuinchoGimnasioSalýn para eventosEstacionamiento visitas.LavanderýaAlrededores:SupermercadosGasolinerasBancosRestaurantesMinimarketHospitalPlazasExcelente Locomociýn""Se Paga:1 Mes de Arriendo1 Mes de Garantýa1/2 mes de Comisiýn + iva ""COD:  2576336Consultar por chat, llamada o whatsApp indicandoel cod de esta publicaciýn. (Si no tienes contactotelefýnico dýjanos un mensaje de chat o deWhatsapp)Nýmeros de contacto+56969153606+56986597314+56232548659(SI VES ESTA PUBLICACIýN ES PORQUE AUN SIGUEDISPONIBLE )"
47,"hermosa parcela en Talagante , el oliveto","$ 190.000.000","Carlos","Aviso personal","Regiýn Metropolitana, Talagante","Talagante","+(56) 940780600
","https://www.yapo.cl/pg/0oinY9Ho+wsVhJswocmsIXJwb7GtjZ/oQmH8U/z3HHw==.gif","13 Agosto 17:59","73768003","Se venden hermosa parcela, condominio consolidado,seguridad , ýreas comunes, tranquilo, en camino eloliveto, condominio doýa Elsa, casa de 145 M2, 3piezas y baýo. Cocina equipada, quincho de 70 M2construido de madera nativa,con dos baýo alexterior,piscina 4x9. Bodega , gallinero, canil,sistema de riego, frutales, llegar y habitar. Sinregularizaciýn. (Se encuentra en trýmite) . Vendensus dueýos . Mayor informaciýn al WhatsApp+5694078600."
48,"Inversion 1D+1B","UF 2.700,00","Miguel Agudelo","Aviso personal","Regiýn Metropolitana, La Florida","La Florida","+(56) 975759022
","https://www.yapo.cl/pg/0qr1sZVQRM8AFfn5s+qVoqhA234oVhPOSihXJkDAwzw==.gif","13 Agosto 17:59","73768000","Vendo departamento ubicado en la Florida, cercanoa av Vicuýa Mackenna/ Americo vespucio.consultas a +56975759022reales interesados"
49,"Metro Santa Ana 1d1b dpto ","$ 245.000","STZ Renta Residencial","Aviso profesional","Regiýn Metropolitana, Santiago","Santiago","+(56) 948921908
","https://www.yapo.cl/pg/0F8iRbGfABL+8I6mwQinB6N9yYqRWdXXrm0DFIlL+QQ==.gif","13 Agosto 17:59","73767996","Departamento ubicado en calle Mario Keutzberger, ados cuadras del metro Santa Ana.Rebaja por tres meses, hasta Octubre, luegoaumento a 260.000Departamento de dos ambientes, muy cýmodo.Cocina americana equipada, con encimera, horno ycampanaMesýn de cocinaLiving con pequeýa terrazaDormitorio en suite con closetBaýo completo con tina, y espacio para lavadoraVista despejada, piso 18El edificio cuenta con ingreso por aplicaciýnmývil y guardia.Conserje en cada Torre.Piscina, Quincho, Lavanderýa.Espacios comunes con vistas a todo Santiago.Requisitos: Sueldo de 750.000 pesos, no tenerdicom, contar con un codeudor, estabilidadlaboral, extranjeros con visa definitiva.Para mayor informaciýn contactarnos al whatsapp+56948921908."
50,"Departamento Enrique mac Iver, Santiago","$ 300.000","Me Encargo","Aviso profesional","Regiýn Metropolitana, Santiago","Santiago","+(56) 986597314
","https://www.yapo.cl/pg/0yI4QjiqmD4EIAdxX11Uu3kAN1KACjPFnCislfXeuEA==.gif","13 Agosto 17:59","73767993","ýAtenciýn!Hermoso departamento ubicado en la comuna deSantiago , a pasos de metro estacion Bellas Artes,Entrega Inmediata.Santo Domingo / Enrique mac Iver, Santiago Superficie total : 35 mts2Caracterýsticas1 Dormitorio1 BaýoCocina Tipo AmericanoLivingTerrazaServicios comunitarios: $40.000ConserjerýaSeguridad 24/7QuinchoPiscinaGimnasio Salýn para eventosEstacionamiento de visitasSalon InternetLavanderýaAlrededores:SupermercadosGasolinerasBancosRestaurantesMinimarketHospitalPlazasExcelente Locomociýn""Se Paga:1 Mes de Arriendo1 Mes de Garantýa1/2 mes de Comisiýn + iva ""COD:  2561941Consultar por chat, llamada o whatsApp indicandoel cod de esta publicaciýn. (Si no tienes contactotelefýnico dýjanos un mensaje de chat o deWhatsapp)Nýmeros de contacto+56969153606+56986597314+56232548659(SI VES ESTA PUBLICACIýN ES PORQUE AUN SIGUEDISPONIBLE )"